dbSNP.ID,allele,count,FileName
rs10031144,A,113.0,hw_sample_1.csv
rs10031144,R,162.0,hw_sample_1.csv
rs10044327,R,336.0,hw_sample_1.csv
rs10044327,A,353.0,hw_sample_1.csv
rs10829589,A,55.0,hw_sample_1.csv
rs10829589,R,1008.0,hw_sample_1.csv
rs10889119,A,1386.0,hw_sample_1.csv
rs10889119,R,48.0,hw_sample_1.csv
rs11118858,R,179.0,hw_sample_1.csv
rs11118858,A,145.0,hw_sample_1.csv
rs11258412,A,655.0,hw_sample_1.csv
rs11258412,R,52.0,hw_sample_1.csv
rs11683450,A,381.0,hw_sample_1.csv
rs11683450,R,352.0,hw_sample_1.csv
rs11715522,R,406.0,hw_sample_1.csv
rs11715522,A,27.0,hw_sample_1.csv
rs11725087,A,16.0,hw_sample_1.csv
rs11725087,R,630.0,hw_sample_1.csv
rs11919274,R,183.0,hw_sample_1.csv
rs11919274,A,166.0,hw_sample_1.csv
rs12140319,R,48.0,hw_sample_1.csv
rs12140319,A,601.0,hw_sample_1.csv
rs12492157,R,151.0,hw_sample_1.csv
rs12492157,A,772.0,hw_sample_1.csv
rs12614754,R,408.0,hw_sample_1.csv
rs12614754,A,57.0,hw_sample_1.csv
rs12631577,R,37.0,hw_sample_1.csv
rs12631577,A,348.0,hw_sample_1.csv
rs1295111,R,780.0,hw_sample_1.csv
rs1295111,A,979.0,hw_sample_1.csv
rs13011835,A,8.0,hw_sample_1.csv
rs13011835,R,311.0,hw_sample_1.csv
rs13105200,R,4.0,hw_sample_1.csv
rs13105200,A,156.0,hw_sample_1.csv
rs13144747,R,791.0,hw_sample_1.csv
rs13144747,A,42.0,hw_sample_1.csv
rs13385577,R,58.0,hw_sample_1.csv
rs13385577,A,994.0,hw_sample_1.csv
rs1360913,A,336.0,hw_sample_1.csv
rs1360913,R,242.0,hw_sample_1.csv
rs1362840,R,454.0,hw_sample_1.csv
rs1362840,A,52.0,hw_sample_1.csv
rs1415960,A,875.0,hw_sample_1.csv
rs1415960,R,884.0,hw_sample_1.csv
rs1656376,R,326.0,hw_sample_1.csv
rs1656376,A,256.0,hw_sample_1.csv
rs16902776,R,675.0,hw_sample_1.csv
rs16902776,A,10.0,hw_sample_1.csv
rs17029053,R,246.0,hw_sample_1.csv
rs17029053,A,183.0,hw_sample_1.csv
rs1703285,A,113.0,hw_sample_1.csv
rs1703285,R,157.0,hw_sample_1.csv
rs1768809,R,63.0,hw_sample_1.csv
rs1768809,A,534.0,hw_sample_1.csv
rs1796879,R,35.0,hw_sample_1.csv
rs1796879,A,463.0,hw_sample_1.csv
rs1799398,A,176.0,hw_sample_1.csv
rs1799398,R,190.0,hw_sample_1.csv
rs1890846,A,581.0,hw_sample_1.csv
rs1890846,R,703.0,hw_sample_1.csv
rs2073400,R,683.0,hw_sample_1.csv
rs2073400,A,4.0,hw_sample_1.csv
rs2235547,R,516.0,hw_sample_1.csv
rs2235547,A,15.0,hw_sample_1.csv
rs2360833,A,576.0,hw_sample_1.csv
rs250348,A,196.0,hw_sample_1.csv
rs250348,R,236.0,hw_sample_1.csv
rs2582353,R,357.0,hw_sample_1.csv
rs2582353,A,494.0,hw_sample_1.csv
rs34102579,A,23.0,hw_sample_1.csv
rs34102579,R,1742.0,hw_sample_1.csv
rs347150,R,436.0,hw_sample_1.csv
rs347150,A,450.0,hw_sample_1.csv
rs4667886,R,636.0,hw_sample_1.csv
rs4667886,A,538.0,hw_sample_1.csv
rs4672359,R,288.0,hw_sample_1.csv
rs4672359,A,415.0,hw_sample_1.csv
rs4752189,R,133.0,hw_sample_1.csv
rs4752189,A,1024.0,hw_sample_1.csv
rs4855031,A,530.0,hw_sample_1.csv
rs4855031,R,123.0,hw_sample_1.csv
rs4953297,R,553.0,hw_sample_1.csv
rs4953297,A,1.0,hw_sample_1.csv
rs579511,R,350.0,hw_sample_1.csv
rs579511,A,532.0,hw_sample_1.csv
rs624455,A,340.0,hw_sample_1.csv
rs624455,R,291.0,hw_sample_1.csv
rs6436409,A,343.0,hw_sample_1.csv
rs6436409,R,309.0,hw_sample_1.csv
rs6661116,A,26.0,hw_sample_1.csv
rs6661116,R,372.0,hw_sample_1.csv
rs6677868,R,539.0,hw_sample_1.csv
rs6677868,A,634.0,hw_sample_1.csv
rs6725201,A,1.0,hw_sample_1.csv
rs6725201,R,513.0,hw_sample_1.csv
rs6736082,R,35.0,hw_sample_1.csv
rs6736082,A,1418.0,hw_sample_1.csv
rs6769809,A,182.0,hw_sample_1.csv
rs6769809,R,260.0,hw_sample_1.csv
rs6806386,A,20.0,hw_sample_1.csv
rs6806386,R,503.0,hw_sample_1.csv
rs698666,A,315.0,hw_sample_1.csv
rs698666,R,435.0,hw_sample_1.csv
rs7092383,R,724.0,hw_sample_1.csv
rs7092383,A,39.0,hw_sample_1.csv
rs7426662,R,901.0,hw_sample_1.csv
rs7426662,A,46.0,hw_sample_1.csv
rs7591097,R,383.0,hw_sample_1.csv
rs7913502,R,341.0,hw_sample_1.csv
rs7913502,A,249.0,hw_sample_1.csv
rs7914545,R,118.0,hw_sample_1.csv
rs7914545,A,90.0,hw_sample_1.csv
rs7915483,A,4.0,hw_sample_1.csv
rs7915483,R,583.0,hw_sample_1.csv
rs7919129,A,30.0,hw_sample_1.csv
rs7919129,R,436.0,hw_sample_1.csv
rs7922050,R,328.0,hw_sample_1.csv
rs7922050,A,321.0,hw_sample_1.csv
rs815421,A,33.0,hw_sample_1.csv
rs815421,R,240.0,hw_sample_1.csv
rs912811,A,675.0,hw_sample_1.csv
rs9309715,R,1358.0,hw_sample_1.csv
rs965308,R,80.0,hw_sample_1.csv
rs965308,A,400.0,hw_sample_1.csv
rs9997661,R,142.0,hw_sample_1.csv
rs9997661,A,166.0,hw_sample_1.csv
rs10031144,R,85.0,hw_sample_0.csv
rs10031144,A,63.0,hw_sample_0.csv
rs10044327,A,241.0,hw_sample_0.csv
rs10044327,R,260.0,hw_sample_0.csv
rs10829589,R,654.0,hw_sample_0.csv
rs10829589,A,3.0,hw_sample_0.csv
rs10889119,R,48.0,hw_sample_0.csv
rs10889119,A,1073.0,hw_sample_0.csv
rs11118858,R,92.0,hw_sample_0.csv
rs11118858,A,102.0,hw_sample_0.csv
rs11258412,R,18.0,hw_sample_0.csv
rs11258412,A,451.0,hw_sample_0.csv
rs11683450,R,284.0,hw_sample_0.csv
rs11683450,A,217.0,hw_sample_0.csv
rs11715522,A,4.0,hw_sample_0.csv
rs11715522,R,263.0,hw_sample_0.csv
rs11725087,A,9.0,hw_sample_0.csv
rs11725087,R,482.0,hw_sample_0.csv
rs11919274,R,117.0,hw_sample_0.csv
rs11919274,A,99.0,hw_sample_0.csv
rs12140319,A,404.0,hw_sample_0.csv
rs12140319,R,10.0,hw_sample_0.csv
rs12492157,R,30.0,hw_sample_0.csv
rs12492157,A,729.0,hw_sample_0.csv
rs12614754,A,1.0,hw_sample_0.csv
rs12614754,R,323.0,hw_sample_0.csv
rs12631577,R,9.0,hw_sample_0.csv
rs12631577,A,243.0,hw_sample_0.csv
rs1295111,R,655.0,hw_sample_0.csv
rs1295111,A,736.0,hw_sample_0.csv
rs13011835,R,188.0,hw_sample_0.csv
rs13011835,A,5.0,hw_sample_0.csv
rs13105200,A,94.0,hw_sample_0.csv
rs13105200,R,8.0,hw_sample_0.csv
rs13144747,A,30.0,hw_sample_0.csv
rs13144747,R,510.0,hw_sample_0.csv
rs13385577,A,660.0,hw_sample_0.csv
rs13385577,R,45.0,hw_sample_0.csv
rs1360913,R,138.0,hw_sample_0.csv
rs1360913,A,208.0,hw_sample_0.csv
rs1362840,A,3.0,hw_sample_0.csv
rs1362840,R,366.0,hw_sample_0.csv
rs1415960,R,563.0,hw_sample_0.csv
rs1415960,A,735.0,hw_sample_0.csv
rs1656376,R,241.0,hw_sample_0.csv
rs1656376,A,205.0,hw_sample_0.csv
rs16902776,R,422.0,hw_sample_0.csv
rs16902776,A,7.0,hw_sample_0.csv
rs17029053,R,121.0,hw_sample_0.csv
rs17029053,A,157.0,hw_sample_0.csv
rs1703285,R,108.0,hw_sample_0.csv
rs1703285,A,87.0,hw_sample_0.csv
rs1768809,A,385.0,hw_sample_0.csv
rs1796879,R,15.0,hw_sample_0.csv
rs1796879,A,299.0,hw_sample_0.csv
rs1799398,R,137.0,hw_sample_0.csv
rs1799398,A,142.0,hw_sample_0.csv
rs1890846,R,490.0,hw_sample_0.csv
rs1890846,A,405.0,hw_sample_0.csv
rs2073400,A,1.0,hw_sample_0.csv
rs2073400,R,500.0,hw_sample_0.csv
rs2235547,R,403.0,hw_sample_0.csv
rs2235547,A,16.0,hw_sample_0.csv
rs2360833,A,437.0,hw_sample_0.csv
rs250348,R,170.0,hw_sample_0.csv
rs250348,A,99.0,hw_sample_0.csv
rs2582353,R,281.0,hw_sample_0.csv
rs2582353,A,318.0,hw_sample_0.csv
rs34102579,R,1272.0,hw_sample_0.csv
rs34102579,A,10.0,hw_sample_0.csv
rs347150,A,267.0,hw_sample_0.csv
rs347150,R,268.0,hw_sample_0.csv
rs4667886,R,480.0,hw_sample_0.csv
rs4667886,A,387.0,hw_sample_0.csv
rs4672359,R,252.0,hw_sample_0.csv
rs4672359,A,247.0,hw_sample_0.csv
rs4752189,A,679.0,hw_sample_0.csv
rs4855031,A,352.0,hw_sample_0.csv
rs4855031,R,47.0,hw_sample_0.csv
rs4953297,R,403.0,hw_sample_0.csv
rs579511,A,314.0,hw_sample_0.csv
rs579511,R,265.0,hw_sample_0.csv
rs624455,R,193.0,hw_sample_0.csv
rs624455,A,236.0,hw_sample_0.csv
rs6436409,A,268.0,hw_sample_0.csv
rs6436409,R,229.0,hw_sample_0.csv
rs6661116,A,6.0,hw_sample_0.csv
rs6661116,R,297.0,hw_sample_0.csv
rs6677868,R,364.0,hw_sample_0.csv
rs6677868,A,432.0,hw_sample_0.csv
rs6725201,R,335.0,hw_sample_0.csv
rs6736082,R,26.0,hw_sample_0.csv
rs6736082,A,1015.0,hw_sample_0.csv
rs6769809,A,127.0,hw_sample_0.csv
rs6769809,R,148.0,hw_sample_0.csv
rs6806386,A,1.0,hw_sample_0.csv
rs6806386,R,379.0,hw_sample_0.csv
rs698666,R,321.0,hw_sample_0.csv
rs698666,A,275.0,hw_sample_0.csv
rs7092383,A,26.0,hw_sample_0.csv
rs7092383,R,564.0,hw_sample_0.csv
rs7426662,R,722.0,hw_sample_0.csv
rs7426662,A,2.0,hw_sample_0.csv
rs7591097,R,300.0,hw_sample_0.csv
rs7913502,A,185.0,hw_sample_0.csv
rs7913502,R,164.0,hw_sample_0.csv
rs7914545,R,75.0,hw_sample_0.csv
rs7914545,A,73.0,hw_sample_0.csv
rs7915483,R,460.0,hw_sample_0.csv
rs7915483,A,2.0,hw_sample_0.csv
rs7919129,R,387.0,hw_sample_0.csv
rs7922050,R,271.0,hw_sample_0.csv
rs7922050,A,210.0,hw_sample_0.csv
rs815421,R,185.0,hw_sample_0.csv
rs815421,A,1.0,hw_sample_0.csv
rs912811,R,22.0,hw_sample_0.csv
rs912811,A,417.0,hw_sample_0.csv
rs9309715,A,2.0,hw_sample_0.csv
rs9309715,R,935.0,hw_sample_0.csv
rs965308,R,18.0,hw_sample_0.csv
rs965308,A,296.0,hw_sample_0.csv
rs9997661,A,85.0,hw_sample_0.csv
rs9997661,R,82.0,hw_sample_0.csv
rs10031144,R,112.0,hw_sample_2.csv
rs10031144,A,99.0,hw_sample_2.csv
rs10044327,A,320.0,hw_sample_2.csv
rs10044327,R,291.0,hw_sample_2.csv
rs10829589,A,93.0,hw_sample_2.csv
rs10829589,R,714.0,hw_sample_2.csv
rs10889119,R,43.0,hw_sample_2.csv
rs10889119,A,1300.0,hw_sample_2.csv
rs11118858,A,91.0,hw_sample_2.csv
rs11118858,R,156.0,hw_sample_2.csv
rs11258412,A,571.0,hw_sample_2.csv
rs11258412,R,85.0,hw_sample_2.csv
rs11683450,R,291.0,hw_sample_2.csv
rs11683450,A,321.0,hw_sample_2.csv
rs11715522,A,49.0,hw_sample_2.csv
rs11715522,R,321.0,hw_sample_2.csv
rs11725087,A,16.0,hw_sample_2.csv
rs11725087,R,541.0,hw_sample_2.csv
rs11919274,A,122.0,hw_sample_2.csv
rs11919274,R,154.0,hw_sample_2.csv
rs12140319,R,68.0,hw_sample_2.csv
rs12140319,A,465.0,hw_sample_2.csv
rs12492157,R,230.0,hw_sample_2.csv
rs12492157,A,725.0,hw_sample_2.csv
rs12614754,R,456.0,hw_sample_2.csv
rs12614754,A,53.0,hw_sample_2.csv
rs12631577,A,282.0,hw_sample_2.csv
rs12631577,R,61.0,hw_sample_2.csv
rs1295111,R,674.0,hw_sample_2.csv
rs1295111,A,894.0,hw_sample_2.csv
rs13011835,R,274.0,hw_sample_2.csv
rs13011835,A,6.0,hw_sample_2.csv
rs13105200,A,150.0,hw_sample_2.csv
rs13105200,R,2.0,hw_sample_2.csv
rs13144747,A,22.0,hw_sample_2.csv
rs13144747,R,681.0,hw_sample_2.csv
rs13385577,A,851.0,hw_sample_2.csv
rs13385577,R,57.0,hw_sample_2.csv
rs1360913,R,191.0,hw_sample_2.csv
rs1360913,A,330.0,hw_sample_2.csv
rs1362840,R,366.0,hw_sample_2.csv
rs1362840,A,64.0,hw_sample_2.csv
rs1415960,A,746.0,hw_sample_2.csv
rs1415960,R,940.0,hw_sample_2.csv
rs1656376,R,329.0,hw_sample_2.csv
rs1656376,A,282.0,hw_sample_2.csv
rs16902776,A,18.0,hw_sample_2.csv
rs16902776,R,601.0,hw_sample_2.csv
rs17029053,R,215.0,hw_sample_2.csv
rs17029053,A,162.0,hw_sample_2.csv
rs1703285,R,138.0,hw_sample_2.csv
rs1703285,A,123.0,hw_sample_2.csv
rs1768809,A,391.0,hw_sample_2.csv
rs1768809,R,65.0,hw_sample_2.csv
rs1796879,A,350.0,hw_sample_2.csv
rs1796879,R,43.0,hw_sample_2.csv
rs1799398,A,184.0,hw_sample_2.csv
rs1799398,R,135.0,hw_sample_2.csv
rs1890846,R,660.0,hw_sample_2.csv
rs1890846,A,537.0,hw_sample_2.csv
rs2073400,R,616.0,hw_sample_2.csv
rs2073400,A,2.0,hw_sample_2.csv
rs2235547,A,20.0,hw_sample_2.csv
rs2235547,R,477.0,hw_sample_2.csv
rs2360833,A,568.0,hw_sample_2.csv
rs2360833,R,10.0,hw_sample_2.csv
rs250348,R,209.0,hw_sample_2.csv
rs250348,A,195.0,hw_sample_2.csv
rs2582353,R,303.0,hw_sample_2.csv
rs2582353,A,528.0,hw_sample_2.csv
rs34102579,A,10.0,hw_sample_2.csv
rs34102579,R,1579.0,hw_sample_2.csv
rs347150,R,379.0,hw_sample_2.csv
rs347150,A,388.0,hw_sample_2.csv
rs4667886,A,488.0,hw_sample_2.csv
rs4667886,R,554.0,hw_sample_2.csv
rs4672359,R,276.0,hw_sample_2.csv
rs4672359,A,369.0,hw_sample_2.csv
rs4752189,A,845.0,hw_sample_2.csv
rs4752189,R,116.0,hw_sample_2.csv
rs4855031,R,144.0,hw_sample_2.csv
rs4855031,A,366.0,hw_sample_2.csv
rs4953297,A,2.0,hw_sample_2.csv
rs4953297,R,524.0,hw_sample_2.csv
rs579511,A,513.0,hw_sample_2.csv
rs579511,R,248.0,hw_sample_2.csv
rs624455,A,297.0,hw_sample_2.csv
rs624455,R,242.0,hw_sample_2.csv
rs6436409,R,324.0,hw_sample_2.csv
rs6436409,A,308.0,hw_sample_2.csv
rs6661116,R,346.0,hw_sample_2.csv
rs6661116,A,55.0,hw_sample_2.csv
rs6677868,R,450.0,hw_sample_2.csv
rs6677868,A,661.0,hw_sample_2.csv
rs6725201,R,424.0,hw_sample_2.csv
rs6725201,A,1.0,hw_sample_2.csv
rs6736082,A,1459.0,hw_sample_2.csv
rs6736082,R,38.0,hw_sample_2.csv
rs6769809,R,191.0,hw_sample_2.csv
rs6769809,A,169.0,hw_sample_2.csv
rs6806386,R,480.0,hw_sample_2.csv
rs6806386,A,54.0,hw_sample_2.csv
rs698666,A,267.0,hw_sample_2.csv
rs698666,R,384.0,hw_sample_2.csv
rs7092383,R,786.0,hw_sample_2.csv
rs7092383,A,26.0,hw_sample_2.csv
rs7426662,A,84.0,hw_sample_2.csv
rs7426662,R,727.0,hw_sample_2.csv
rs7591097,A,2.0,hw_sample_2.csv
rs7591097,R,327.0,hw_sample_2.csv
rs7913502,A,193.0,hw_sample_2.csv
rs7913502,R,290.0,hw_sample_2.csv
rs7914545,R,107.0,hw_sample_2.csv
rs7914545,A,72.0,hw_sample_2.csv
rs7915483,A,2.0,hw_sample_2.csv
rs7915483,R,501.0,hw_sample_2.csv
rs7919129,R,387.0,hw_sample_2.csv
rs7919129,A,61.0,hw_sample_2.csv
rs7922050,A,292.0,hw_sample_2.csv
rs7922050,R,255.0,hw_sample_2.csv
rs815421,R,172.0,hw_sample_2.csv
rs815421,A,40.0,hw_sample_2.csv
rs912811,R,17.0,hw_sample_2.csv
rs912811,A,561.0,hw_sample_2.csv
rs9309715,R,1268.0,hw_sample_2.csv
rs9309715,A,1.0,hw_sample_2.csv
rs965308,A,331.0,hw_sample_2.csv
rs965308,R,122.0,hw_sample_2.csv
rs9997661,A,120.0,hw_sample_2.csv
rs9997661,R,112.0,hw_sample_2.csv
