FileName,dbSNP.ID,informative
hw_sample_0.csv,rs10031144,False
hw_sample_1.csv,rs10031144,False
hw_sample_2.csv,rs10031144,False
hw_sample_0.csv,rs10044327,False
hw_sample_1.csv,rs10044327,False
hw_sample_2.csv,rs10044327,False
hw_sample_0.csv,rs10829589,False
hw_sample_1.csv,rs10829589,True
hw_sample_2.csv,rs10829589,True
hw_sample_0.csv,rs10889119,True
hw_sample_1.csv,rs10889119,True
hw_sample_2.csv,rs10889119,True
hw_sample_0.csv,rs11118858,False
hw_sample_1.csv,rs11118858,False
hw_sample_2.csv,rs11118858,False
hw_sample_0.csv,rs11258412,True
hw_sample_1.csv,rs11258412,True
hw_sample_2.csv,rs11258412,True
hw_sample_0.csv,rs11683450,False
hw_sample_1.csv,rs11683450,False
hw_sample_2.csv,rs11683450,False
hw_sample_0.csv,rs11715522,False
hw_sample_1.csv,rs11715522,True
hw_sample_2.csv,rs11715522,True
hw_sample_0.csv,rs11725087,False
hw_sample_1.csv,rs11725087,True
hw_sample_2.csv,rs11725087,True
hw_sample_0.csv,rs11919274,False
hw_sample_1.csv,rs11919274,False
hw_sample_2.csv,rs11919274,False
hw_sample_0.csv,rs12140319,True
hw_sample_1.csv,rs12140319,True
hw_sample_2.csv,rs12140319,True
hw_sample_0.csv,rs12492157,True
hw_sample_1.csv,rs12492157,True
hw_sample_2.csv,rs12492157,False
hw_sample_0.csv,rs12614754,False
hw_sample_1.csv,rs12614754,True
hw_sample_2.csv,rs12614754,True
hw_sample_0.csv,rs12631577,True
hw_sample_1.csv,rs12631577,True
hw_sample_2.csv,rs12631577,True
hw_sample_0.csv,rs1295111,False
hw_sample_1.csv,rs1295111,False
hw_sample_2.csv,rs1295111,False
hw_sample_0.csv,rs13011835,True
hw_sample_1.csv,rs13011835,True
hw_sample_2.csv,rs13011835,True
hw_sample_0.csv,rs13105200,True
hw_sample_1.csv,rs13105200,True
hw_sample_2.csv,rs13105200,False
hw_sample_0.csv,rs13144747,True
hw_sample_1.csv,rs13144747,True
hw_sample_2.csv,rs13144747,True
hw_sample_0.csv,rs13385577,True
hw_sample_1.csv,rs13385577,True
hw_sample_2.csv,rs13385577,True
hw_sample_0.csv,rs1360913,False
hw_sample_1.csv,rs1360913,False
hw_sample_2.csv,rs1360913,False
hw_sample_0.csv,rs1362840,False
hw_sample_1.csv,rs1362840,True
hw_sample_2.csv,rs1362840,True
hw_sample_0.csv,rs1415960,False
hw_sample_1.csv,rs1415960,False
hw_sample_2.csv,rs1415960,False
hw_sample_0.csv,rs1656376,False
hw_sample_1.csv,rs1656376,False
hw_sample_2.csv,rs1656376,False
hw_sample_0.csv,rs16902776,False
hw_sample_1.csv,rs16902776,False
hw_sample_2.csv,rs16902776,True
hw_sample_0.csv,rs17029053,False
hw_sample_1.csv,rs17029053,False
hw_sample_2.csv,rs17029053,False
hw_sample_0.csv,rs1703285,False
hw_sample_1.csv,rs1703285,False
hw_sample_2.csv,rs1703285,False
hw_sample_0.csv,rs1768809,False
hw_sample_1.csv,rs1768809,True
hw_sample_2.csv,rs1768809,True
hw_sample_0.csv,rs1796879,True
hw_sample_1.csv,rs1796879,True
hw_sample_2.csv,rs1796879,True
hw_sample_0.csv,rs1799398,False
hw_sample_1.csv,rs1799398,False
hw_sample_2.csv,rs1799398,False
hw_sample_0.csv,rs1890846,False
hw_sample_1.csv,rs1890846,False
hw_sample_2.csv,rs1890846,False
hw_sample_0.csv,rs2073400,False
hw_sample_1.csv,rs2073400,False
hw_sample_2.csv,rs2073400,False
hw_sample_0.csv,rs2235547,True
hw_sample_1.csv,rs2235547,True
hw_sample_2.csv,rs2235547,True
hw_sample_0.csv,rs2360833,False
hw_sample_1.csv,rs2360833,False
hw_sample_2.csv,rs2360833,False
hw_sample_0.csv,rs250348,False
hw_sample_1.csv,rs250348,False
hw_sample_2.csv,rs250348,False
hw_sample_0.csv,rs2582353,False
hw_sample_1.csv,rs2582353,False
hw_sample_2.csv,rs2582353,False
hw_sample_0.csv,rs34102579,False
hw_sample_1.csv,rs34102579,False
hw_sample_2.csv,rs34102579,False
hw_sample_0.csv,rs347150,False
hw_sample_1.csv,rs347150,False
hw_sample_2.csv,rs347150,False
hw_sample_0.csv,rs4667886,False
hw_sample_1.csv,rs4667886,False
hw_sample_2.csv,rs4667886,False
hw_sample_0.csv,rs4672359,False
hw_sample_1.csv,rs4672359,False
hw_sample_2.csv,rs4672359,False
hw_sample_0.csv,rs4752189,False
hw_sample_1.csv,rs4752189,True
hw_sample_2.csv,rs4752189,True
hw_sample_0.csv,rs4855031,True
hw_sample_1.csv,rs4855031,True
hw_sample_2.csv,rs4855031,False
hw_sample_0.csv,rs4953297,False
hw_sample_1.csv,rs4953297,False
hw_sample_2.csv,rs4953297,False
hw_sample_0.csv,rs579511,False
hw_sample_1.csv,rs579511,False
hw_sample_2.csv,rs579511,False
hw_sample_0.csv,rs624455,False
hw_sample_1.csv,rs624455,False
hw_sample_2.csv,rs624455,False
hw_sample_0.csv,rs6436409,False
hw_sample_1.csv,rs6436409,False
hw_sample_2.csv,rs6436409,False
hw_sample_0.csv,rs6661116,False
hw_sample_1.csv,rs6661116,True
hw_sample_2.csv,rs6661116,True
hw_sample_0.csv,rs6677868,False
hw_sample_1.csv,rs6677868,False
hw_sample_2.csv,rs6677868,False
hw_sample_0.csv,rs6725201,False
hw_sample_1.csv,rs6725201,False
hw_sample_2.csv,rs6725201,False
hw_sample_0.csv,rs6736082,True
hw_sample_1.csv,rs6736082,True
hw_sample_2.csv,rs6736082,True
hw_sample_0.csv,rs6769809,False
hw_sample_1.csv,rs6769809,False
hw_sample_2.csv,rs6769809,False
hw_sample_0.csv,rs6806386,False
hw_sample_1.csv,rs6806386,True
hw_sample_2.csv,rs6806386,True
hw_sample_0.csv,rs698666,False
hw_sample_1.csv,rs698666,False
hw_sample_2.csv,rs698666,False
hw_sample_0.csv,rs7092383,True
hw_sample_1.csv,rs7092383,True
hw_sample_2.csv,rs7092383,True
hw_sample_0.csv,rs7426662,False
hw_sample_1.csv,rs7426662,True
hw_sample_2.csv,rs7426662,True
hw_sample_0.csv,rs7591097,False
hw_sample_1.csv,rs7591097,False
hw_sample_2.csv,rs7591097,False
hw_sample_0.csv,rs7913502,False
hw_sample_1.csv,rs7913502,False
hw_sample_2.csv,rs7913502,False
hw_sample_0.csv,rs7914545,False
hw_sample_1.csv,rs7914545,False
hw_sample_2.csv,rs7914545,False
hw_sample_0.csv,rs7915483,False
hw_sample_1.csv,rs7915483,False
hw_sample_2.csv,rs7915483,False
hw_sample_0.csv,rs7919129,False
hw_sample_1.csv,rs7919129,True
hw_sample_2.csv,rs7919129,True
hw_sample_0.csv,rs7922050,False
hw_sample_1.csv,rs7922050,False
hw_sample_2.csv,rs7922050,False
hw_sample_0.csv,rs815421,False
hw_sample_1.csv,rs815421,True
hw_sample_2.csv,rs815421,True
hw_sample_0.csv,rs912811,True
hw_sample_1.csv,rs912811,False
hw_sample_2.csv,rs912811,True
hw_sample_0.csv,rs9309715,False
hw_sample_1.csv,rs9309715,False
hw_sample_2.csv,rs9309715,False
hw_sample_0.csv,rs965308,True
hw_sample_1.csv,rs965308,True
hw_sample_2.csv,rs965308,False
hw_sample_0.csv,rs9997661,False
hw_sample_1.csv,rs9997661,False
hw_sample_2.csv,rs9997661,False
